{
    "name": "root",
    "metadata": {
        "timer_format_version": "0.1.0",
        "start_time_seconds": "1778670728",
        "python_version": "3.10.12 | packaged by Anaconda, Inc. | (main, Jul  5 2023, 19:01:18) [MSC v.1916 64 bit (AMD64)]",
        "command_line_arguments": "C:\\Users\\sergi\\miniconda3\\envs\\mlagents\\Scripts\\mlagents-learn --run-id=laberinto1",
        "mlagents_version": "1.1.0",
        "mlagents_envs_version": "1.1.0",
        "communication_protocol_version": "1.5.0",
        "pytorch_version": "2.8.0+cpu",
        "numpy_version": "1.23.5",
        "end_time_seconds": "1778670880"
    },
    "total": 152.1997994000012,
    "count": 1,
    "self": 0.009212099997967016,
    "children": {
        "run_training.setup": {
            "total": 3.2569723000015074,
            "count": 1,
            "self": 3.2569723000015074
        },
        "TrainerController.start_learning": {
            "total": 148.93361500000174,
            "count": 1,
            "self": 0.07877929994356236,
            "children": {
                "TrainerController._reset_env": {
                    "total": 22.847856899999897,
                    "count": 1,
                    "self": 22.847856899999897
                },
                "TrainerController.advance": {
                    "total": 125.78995940005552,
                    "count": 2084,
                    "self": 0.08338560004995088,
                    "children": {
                        "env_step": {
                            "total": 113.10200109998186,
                            "count": 2084,
                            "self": 107.31614480007556,
                            "children": {
                                "SubprocessEnvManager._take_step": {
                                    "total": 5.73488839991478,
                                    "count": 2084,
                                    "self": 0.2357120998785831,
                                    "children": {
                                        "TorchPolicy.evaluate": {
                                            "total": 5.499176300036197,
                                            "count": 2084,
                                            "self": 5.499176300036197
                                        }
                                    }
                                },
                                "workers": {
                                    "total": 0.050967899991519516,
                                    "count": 2083,
                                    "self": 0.0,
                                    "children": {
                                        "worker_root": {
                                            "total": 65.30321890004416,
                                            "count": 2083,
                                            "is_parallel": true,
                                            "self": 27.138563500062446,
                                            "children": {
                                                "steps_from_proto": {
                                                    "total": 0.00263259999701404,
                                                    "count": 1,
                                                    "is_parallel": true,
                                                    "self": 0.0005373999993025791,
                                                    "children": {
                                                        "_process_rank_one_or_two_observation": {
                                                            "total": 0.002095199997711461,
                                                            "count": 4,
                                                            "is_parallel": true,
                                                            "self": 0.002095199997711461
                                                        }
                                                    }
                                                },
                                                "UnityEnvironment.step": {
                                                    "total": 38.1620227999847,
                                                    "count": 2083,
                                                    "is_parallel": true,
                                                    "self": 0.4056849997577956,
                                                    "children": {
                                                        "UnityEnvironment._generate_step_input": {
                                                            "total": 0.4200132000914891,
                                                            "count": 2083,
                                                            "is_parallel": true,
                                                            "self": 0.4200132000914891
                                                        },
                                                        "communicator.exchange": {
                                                            "total": 36.12984520001919,
                                                            "count": 2083,
                                                            "is_parallel": true,
                                                            "self": 36.12984520001919
                                                        },
                                                        "steps_from_proto": {
                                                            "total": 1.2064794001162227,
                                                            "count": 2083,
                                                            "is_parallel": true,
                                                            "self": 0.40075420003267936,
                                                            "children": {
                                                                "_process_rank_one_or_two_observation": {
                                                                    "total": 0.8057252000835433,
                                                                    "count": 8332,
                                                                    "is_parallel": true,
                                                                    "self": 0.8057252000835433
                                                                }
                                                            }
                                                        }
                                                    }
                                                }
                                            }
                                        }
                                    }
                                }
                            }
                        },
                        "trainer_advance": {
                            "total": 12.60457270002371,
                            "count": 2083,
                            "self": 0.09167020011591376,
                            "children": {
                                "process_trajectory": {
                                    "total": 4.037406099905638,
                                    "count": 2083,
                                    "self": 4.037406099905638
                                },
                                "_update_policy": {
                                    "total": 8.475496400002157,
                                    "count": 2,
                                    "self": 6.073011100030271,
                                    "children": {
                                        "TorchPPOOptimizer.update": {
                                            "total": 2.402485299971886,
                                            "count": 66,