{
    "name": "root",
    "gauges": {
        "MyBehavior.Policy.Entropy.mean": {
            "value": 1.086682677268982,
            "min": 1.086682677268982,
            "max": 1.3561850786209106,
            "count": 3
        },
        "MyBehavior.Policy.Entropy.sum": {
            "value": 54442.8046875,
            "min": 54442.8046875,
            "max": 69056.9453125,
            "count": 3
        },
        "MyBehavior.Step.mean": {
            "value": 149974.0,
            "min": 49993.0,
            "max": 149974.0,
            "count": 3
        },
        "MyBehavior.Step.sum": {
            "value": 149974.0,
            "min": 49993.0,
            "max": 149974.0,
            "count": 3
        },
        "MyBehavior.Policy.ExtrinsicValueEstimate.mean": {
            "value": -0.4879058599472046,
            "min": -0.5628961324691772,
            "max": -0.4879058599472046,
            "count": 3
        },
        "MyBehavior.Policy.ExtrinsicValueEstimate.sum": {
            "value": -387.3972473144531,
            "min": -458.19744873046875,
            "max": -387.3972473144531,
            "count": 3
        },
        "MyBehavior.Environment.EpisodeLength.mean": {
            "value": 761.125,
            "min": 228.73015873015873,
            "max": 761.125,
            "count": 3
        },
        "MyBehavior.Environment.EpisodeLength.sum": {
            "value": 18267.0,
            "min": 11015.0,
            "max": 18267.0,
            "count": 3
        },
        "MyBehavior.Environment.CumulativeReward.mean": {
            "value": -6.349040056467056,
            "min": -6.349040056467056,
            "max": -2.830841304172599,
            "count": 3
        },
        "MyBehavior.Environment.CumulativeReward.sum": {
            "value": -158.7260014116764,
            "min": -178.34300216287374,
            "max": -114.24899960681796,
            "count": 3
        },
        "MyBehavior.Policy.ExtrinsicReward.mean": {
            "value": -6.349040056467056,
            "min": -6.349040056467056,
            "max": -2.830841304172599,
            "count": 3
        },
        "MyBehavior.Policy.ExtrinsicReward.sum": {
            "value": -158.7260014116764,
            "min": -178.34300216287374,
            "max": -114.24899960681796,
            "count": 3
        },
        "MyBehavior.Losses.PolicyLoss.mean": {
            "value": 0.024788947517517954,
            "min": 0.023222415812003117,
            "max": 0.02725057002680842,
            "count": 3
        },
        "MyBehavior.Losses.PolicyLoss.sum": {
            "value": 0.12394473758758977,
            "min": 0.10900228010723367,
            "max": 0.12394473758758977,
            "count": 3
        },
        "MyBehavior.Losses.ValueLoss.mean": {
            "value": 0.012619722491751115,
            "min": 0.007350147273003434,
            "max": 0.012619722491751115,
            "count": 3
        },
        "MyBehavior.Losses.ValueLoss.sum": {
            "value": 0.06309861245875557,
            "min": 0.029400589092013735,
            "max": 0.06309861245875557,
            "count": 3
        },
        "MyBehavior.Policy.LearningRate.mean": {
            "value": 0.00022552598482467994,
            "min": 0.00022552598482467994,
            "max": 0.0002845935051355,
            "count": 3
        },
        "MyBehavior.Policy.LearningRate.sum": {
            "value": 0.0011276299241233998,
            "min": 0.0011276299241233998,
            "max": 0.0012837366720877996,
            "count": 3
        },
        "MyBehavior.Policy.Epsilon.mean": {
            "value": 0.17517532,
            "min": 0.17517532,
            "max": 0.1948645,
            "count": 3
        },
        "MyBehavior.Policy.Epsilon.sum": {
            "value": 0.8758766,
            "min": 0.779458,
            "max": 0.9279122000000001,
            "count": 3
        },
        "MyBehavior.Policy.Beta.mean": {
            "value": 0.0037612484680000003,
            "min": 0.0037612484680000003,
            "max": 0.00474373855,
            "count": 3
        },
        "MyBehavior.Policy.Beta.sum": {
            "value": 0.01880624234,
            "min": 0.01880624234,
            "max": 0.02140281878,
            "count": 3
        },
        "MyBehavior.IsTraining.mean": {
            "value": 1.0,
            "min": 1.0,
            "max": 1.0,
            "count": 3
        },
        "MyBehavior.IsTraining.sum": {
            "value": 1.0,
            "min": 1.0,
            "max": 1.0,
            "count": 3
        }
    },
    "metadata": {
        "timer_format_version": "0.1.0",
        "start_time_seconds": "1778672019",
        "python_version": "3.10.12 | packaged by Anaconda, Inc. | (main, Jul  5 2023, 19:01:18) [MSC v.1916 64 bit (AMD64)]",
        "command_line_arguments": "C:\\Users\\sergi\\miniconda3\\envs\\mlagents\\Scripts\\mlagents-learn --run-id=laberinto4",
        "mlagents_version": "1.1.0",
        "mlagents_envs_version": "1.1.0",
        "communication_protocol_version": "1.5.0",
        "pytorch_version": "2.8.0+cpu",
        "numpy_version": "1.23.5",
        "end_time_seconds": "1778672389"
    },
    "total": 369.90614169999753,
    "count": 1,
    "self": 0.04361369999969611,
    "children": {
        "run_training.setup": {
            "total": 0.031386899998324225,
            "count": 1,
            "self": 0.031386899998324225
        },
        "TrainerController.start_learning": {
            "total": 369.8311410999995,
            "count": 1,
            "self": 0.36103639997236314,
            "children": {
                "TrainerController._reset_env": {
                    "total": 27.590778099998715,
                    "count": 1,
                    "self": 27.590778099998715
                },
                "TrainerController.advance": {
                    "total": 341.4095876000283,
                    "count": 8834,
                    "self": 0.3823691002544365,
                    "children": {
                        "env_step": {
                            "total": 247.43281589984326,
                            "count": 8834,
                            "self": 222.1557365999579,
                            "children": {
                                "SubprocessEnvManager._take_step": {
                                    "total": 25.054026799974963,
                                    "count": 8834,
                                    "self": 1.2613252001501678,
                                    "children": {
                                        "TorchPolicy.evaluate": {
                                            "total": 23.792701599824795,
                                            "count": 8834,
                                            "self": 23.792701599824795
                                        }
                                    }
                                },
                                "workers": {
                                    "total": 0.2230524999104091,
                                    "count": 8833,
                                    "self": 0.0,
                                    "children": {
                                        "worker_root": {
                                            "total": 280.39402589989186,
                                            "count": 8833,
                                            "is_parallel": true,
                                            "self": 146.51286859979155,
                                            "children": {
                                                "steps_from_proto": {
                                                    "total": 0.001965700001164805,
                                                    "count": 1,
                                                    "is_parallel": true,
                                                    "self": 0.0006182000033732038,