{
    "name": "root",
    "metadata": {
        "timer_format_version": "0.1.0",
        "start_time_seconds": "1778673648",
        "python_version": "3.10.12 | packaged by Anaconda, Inc. | (main, Jul  5 2023, 19:01:18) [MSC v.1916 64 bit (AMD64)]",
        "command_line_arguments": "C:\\Users\\sergi\\miniconda3\\envs\\mlagents\\Scripts\\mlagents-learn --run-id=-laberinto9",
        "mlagents_version": "1.1.0",
        "mlagents_envs_version": "1.1.0",
        "communication_protocol_version": "1.5.0",
        "pytorch_version": "2.8.0+cpu",
        "numpy_version": "1.23.5",
        "end_time_seconds": "1778673751"
    },
    "total": 103.53541030000633,
    "count": 1,
    "self": 0.023150100001657847,
    "children": {
        "run_training.setup": {
            "total": 0.0360447999992175,
            "count": 1,
            "self": 0.0360447999992175
        },
        "TrainerController.start_learning": {
            "total": 103.47621540000546,
            "count": 1,
            "self": 0.07083350002358202,
            "children": {
                "TrainerController._reset_env": {
                    "total": 15.05284109999775,
                    "count": 1,
                    "self": 15.05284109999775
                },
                "TrainerController.advance": {
                    "total": 88.22102989997802,
                    "count": 1867,
                    "self": 0.06838229977438459,
                    "children": {
                        "env_step": {
                            "total": 87.1557382000683,
                            "count": 1867,
                            "self": 82.57848670043313,
                            "children": {
                                "SubprocessEnvManager._take_step": {
                                    "total": 4.5339083997678244,
                                    "count": 1867,
                                    "self": 0.18385129968373803,
                                    "children": {
                                        "TorchPolicy.evaluate": {
                                            "total": 4.350057100084086,
                                            "count": 1867,
                                            "self": 4.350057100084086
                                        }
                                    }
                                },
                                "workers": {
                                    "total": 0.04334309986734297,
                                    "count": 1866,
                                    "self": 0.0,
                                    "children": {
                                        "worker_root": {
                                            "total": 27.251827399966714,
                                            "count": 1866,
                                            "is_parallel": true,
                                            "self": 11.856307899797685,
                                            "children": {
                                                "steps_from_proto": {
                                                    "total": 0.00045310000132303685,
                                                    "count": 1,
                                                    "is_parallel": true,
                                                    "self": 0.00019619999511633068,
                                                    "children": {
                                                        "_process_rank_one_or_two_observation": {
                                                            "total": 0.00025690000620670617,
                                                            "count": 4,
                                                            "is_parallel": true,
                                                            "self": 0.00025690000620670617
                                                        }
                                                    }
                                                },
                                                "UnityEnvironment.step": {
                                                    "total": 15.395066400167707,
                                                    "count": 1866,
                                                    "is_parallel": true,
                                                    "self": 0.21227359997283202,
                                                    "children": {
                                                        "UnityEnvironment._generate_step_input": {
                                                            "total": 0.1914653000931139,
                                                            "count": 1866,
                                                            "is_parallel": true,
                                                            "self": 0.1914653000931139
                                                        },
                                                        "communicator.exchange": {
                                                            "total": 14.293487899922184,
                                                            "count": 1866,
                                                            "is_parallel": true,
                                                            "self": 14.293487899922184
                                                        },
                                                        "steps_from_proto": {
                                                            "total": 0.6978396001795772,
                                                            "count": 1866,
                                                            "is_parallel": true,
                                                            "self": 0.32102090013358975,
                                                            "children": {
                                                                "_process_rank_one_or_two_observation": {
                                                                    "total": 0.3768187000459875,
                                                                    "count": 7464,
                                                                    "is_parallel": true,
                                                                    "self": 0.3768187000459875
                                                                }
                                                            }
                                                        }
                                                    }
                                                }
                                            }
                                        }
                                    }
                                }
                            }
                        },
                        "trainer_advance": {
                            "total": 0.9969094001353369,
                            "count": 1866,
                            "self": 0.07540660004451638,
                            "children": {
                                "process_trajectory": {
                                    "total": 0.9215028000908205,
                                    "count": 1866,
                                    "self": 0.9215028000908205
                                }
                            }
                        }
                    }
                },
                "TrainerController._save_models": {
                    "total": 0.13151090000610566,
                    "count": 1,
                    "self": 0.002993100009916816,
                    "children": {
                        "RLTrainer._checkpoint": {
                            "total": 0.12851779999618884,
                            "count": 1,